question,difficulty
"You are given a 2D integer array logs where each logs[i] = [birthi, deathi] indicates the birth and death years of the ith person. The population of some year x is the number of people alive during that year. The ith person is counted in year x's population if x is in the inclusive range [birthi, deathi - 1]. Note that the person is not counted in the year that they die. Return the earliest year with the maximum population. ",Easy
"A sentence is a list of words that are separated by a single space with no leading or trailing spaces. Each word consists of lowercase and uppercase English letters. A sentence can be shuffled by appending the 1-indexed word position to each word then rearranging the words in the sentence. Given a shuffled sentence s containing no more than 9 words, reconstruct and return the original sentence. ",Easy
"The XOR total of an array is defined as the bitwise XOR of all its elements, or 0 if the array is empty. Given an array nums, return the sum of all XOR totals for every subset of nums. Note: Subsets with the same elements should be counted multiple times. An array a is a subset of an array b if a can be obtained from b by deleting some (possibly zero) elements of b. ",Easy
"Given a binary string s, return true if the longest contiguous segment of 1's is strictly longer than the longest contiguous segment of 0's in s, or return false otherwise. Note that if there are no 0's, then the longest continuous segment of 0's is considered to have a length 0. The same applies if there is no 1's. ",Easy
Table: Employees  Write an SQL query to calculate the bonus of each employee. The bonus of an employee is 100% of their salary if the ID of the employee is an odd number and the employee name does not start with the character 'M'. The bonus of an employee is 0 otherwise. Return the result table ordered by employee_id. The query result format is in the following example. ,Easy
"A string is good if there are no repeated characters. Given a string s​​​​​, return the number of good substrings of length three in s​​​​​​. Note that if there are multiple occurrences of the same substring, every occurrence should be counted. A substring is a contiguous sequence of characters in a string. ",Easy
"The letter value of a letter is its position in the alphabet starting from 0 (i.e. 'a' -> 0, 'b' -> 1, 'c' -> 2, etc.). The numerical value of some string of lowercase English letters s is the concatenation of the letter values of each letter in s, which is then converted into an integer. You are given three strings firstWord, secondWord, and targetWord, each consisting of lowercase English letters 'a' through 'j' inclusive. Return true if the summation of the numerical values of firstWord and secondWord equals the numerical value of targetWord, or false otherwise. ",Easy
"Given two n x n binary matrices mat and target, return true if it is possible to make mat equal to target by rotating mat in 90-degree increments, or false otherwise. ",Easy
Table: Logins  Write an SQL query to report the latest login for all users in the year 2020. Do not include the users who did not login in 2020. Return the result table in any order. The query result format is in the following example. ,Easy
"You are given a 2D integer array ranges and two integers left and right. Each ranges[i] = [starti, endi] represents an inclusive interval between starti and endi. Return true if each integer in the inclusive range [left, right] is covered by at least one interval in ranges. Return false otherwise. An integer x is covered by an interval ranges[i] = [starti, endi] if starti <= x <= endi. ",Easy
"You are given an array of strings words (0-indexed). In one operation, pick two distinct indices i and j, where words[i] is a non-empty string, and move any character from words[i] to any position in words[j]. Return true if you can make every string in words equal using any number of operations, and false otherwise. ",Easy
"You are given a string num, representing a large integer. Return the largest-valued odd integer (as a string) that is a non-empty substring of num, or an empty string """" if no odd integer exists. A substring is a contiguous sequence of characters within a string. ",Easy
"Given a 0-indexed integer array nums, return true if it can be made strictly increasing after removing exactly one element, or false otherwise. If the array is already strictly increasing, return true. The array nums is strictly increasing if nums[i - 1] < nums[i] for each index (1 <= i < nums.length). ",Easy
"The product difference between two pairs (a, b) and (c, d) is defined as (a * b) - (c * d). Given an integer array nums, choose four distinct indices w, x, y, and z such that the product difference between pairs (nums[w], nums[x]) and (nums[y], nums[z]) is maximized. Return the maximum such product difference. ",Easy
"Given a zero-based permutation nums (0-indexed), build an array ans of the same length where ans[i] = nums[nums[i]] for each 0 <= i < nums.length and return it. A zero-based permutation nums is an array of distinct integers from 0 to nums.length - 1 (inclusive). ",Easy
"A square triple (a,b,c) is a triple where a, b, and c are integers and a2 + b2 = c2. Given an integer n, return the number of square triples such that 1 <= a, b, c <= n. ",Easy
"Given an integer array nums of length n, you want to create an array ans of length 2n where ans[i] == nums[i] and ans[i + n] == nums[i] for 0 <= i < n (0-indexed). Specifically, ans is the concatenation of two nums arrays. Return the array ans. ",Easy
"There is a malfunctioning keyboard where some letter keys do not work. All other keys on the keyboard work properly. Given a string text of words separated by a single space (no leading or trailing spaces) and a string brokenLetters of all distinct letter keys that are broken, return the number of words in text you can fully type using this keyboard. ",Easy
"Given a string s, return true if s is a good string, or false otherwise. A string s is good if all the characters that appear in s have the same number of occurrences (i.e., the same frequency). ",Easy
"You are given a string s consisting of lowercase English letters, and an integer k. First, convert s into an integer by replacing each letter with its position in the alphabet (i.e., replace 'a' with 1, 'b' with 2, ..., 'z' with 26). Then, transform the integer by replacing it with the sum of its digits. Repeat the transform operation k times in total. For example, if s = ""zbax"" and k = 2, then the resulting integer would be 8 by the following operations: Return the resulting integer after performing the operations described above. ",Easy
"Given an integer n, return true if n has exactly three positive divisors. Otherwise, return false. An integer m is a divisor of n if there exists an integer k such that n = k * m. ",Easy
"A fancy string is a string where no three consecutive characters are equal. Given a string s, delete the minimum possible number of characters from s to make it fancy. Return the final string after the deletion. It can be shown that the answer will always be unique. ",Easy
"Given a string s and an array of strings words, determine whether s is a prefix string of words. A string s is a prefix string of words if s can be made by concatenating the first k strings in words for some positive k no larger than words.length. Return true if s is a prefix string of words, or false otherwise. ",Easy
Table: Employees  Table: Salaries  Write an SQL query to report the IDs of all the employees with missing information. The information of an employee is missing if: Return the result table ordered by employee_id in ascending order. The query result format is in the following example. ,Easy
"Given an array of strings patterns and a string word, return the number of strings in patterns that exist as a substring in word. A substring is a contiguous sequence of characters within a string. ",Easy
"There is a bi-directional graph with n vertices, where each vertex is labeled from 0 to n - 1 (inclusive). The edges in the graph are represented as a 2D integer array edges, where each edges[i] = [ui, vi] denotes a bi-directional edge between vertex ui and vertex vi. Every vertex pair is connected by at most one edge, and no vertex has an edge to itself. You want to determine if there is a valid path that exists from vertex source to vertex destination. Given edges and the integers n, source, and destination, return true if there is a valid path from source to destination, or false otherwise. ",Easy
"There is a special typewriter with lowercase English letters 'a' to 'z' arranged in a circle with a pointer. A character can only be typed if the pointer is pointing to that character. The pointer is initially pointing to the character 'a'. Each second, you may perform one of the following operations: Given a string word, return the minimum number of seconds to type out the characters in word. ",Easy
"Given an integer array nums, return the greatest common divisor of the smallest number and largest number in nums. The greatest common divisor of two numbers is the largest positive integer that evenly divides both numbers. ",Easy
"You are given a 0-indexed integer array nums, where nums[i] represents the score of the ith student. You are also given an integer k. Pick the scores of any k students from the array so that the difference between the highest and the lowest of the k scores is minimized. Return the minimum possible difference. ",Easy
"Given a 0-indexed integer array nums, find the leftmost middleIndex (i.e., the smallest amongst all the possible ones). A middleIndex is an index where nums[0] + nums[1] + ... + nums[middleIndex-1] == nums[middleIndex+1] + nums[middleIndex+2] + ... + nums[nums.length-1]. If middleIndex == 0, the left side sum is considered to be 0. Similarly, if middleIndex == nums.length - 1, the right side sum is considered to be 0. Return the leftmost middleIndex that satisfies the condition, or -1 if there is no such index. ",Easy
"Given a 0-indexed integer array nums, return the number of distinct quadruplets (a, b, c, d) such that: ",Easy
"Given a 0-indexed string word and a character ch, reverse the segment of word that starts at index 0 and ends at the index of the first occurrence of ch (inclusive). If the character ch does not exist in word, do nothing. Return the resulting string. ",Easy
"Given an integer array nums and an integer k, return the number of pairs (i, j) where i < j such that |nums[i] - nums[j]| == k. The value of |x| is defined as: ",Easy
"There is a programming language with only four operations and one variable X: Initially, the value of X is 0. Given an array of strings operations containing a list of operations, return the final value of X after performing all the operations. ",Easy
"Given a 0-indexed integer array nums of size n, find the maximum difference between nums[i] and nums[j] (i.e., nums[j] - nums[i]), such that 0 <= i < j < n and nums[i] < nums[j]. Return the maximum difference. If no such i and j exists, return -1. ",Easy
"You are given a 0-indexed 1-dimensional (1D) integer array original, and two integers, m and n. You are tasked with creating a 2-dimensional (2D) array with  m rows and n columns using all the elements from original. The elements from indices 0 to n - 1 (inclusive) of original should form the first row of the constructed 2D array, the elements from indices n to 2 * n - 1 (inclusive) should form the second row of the constructed 2D array, and so on. Return an m x n 2D array constructed according to the above procedure, or an empty 2D array if it is impossible. ",Easy
"You are given a string s consisting of n characters which are either 'X' or 'O'. A move is defined as selecting three consecutive characters of s and converting them to 'O'. Note that if a move is applied to the character 'O', it will stay the same. Return the minimum number of moves required so that all the characters of s are converted to 'O'. ",Easy
"There are n seats and n students in a room. You are given an array seats of length n, where seats[i] is the position of the ith seat. You are also given the array students of length n, where students[j] is the position of the jth student. You may perform the following move any number of times: Return the minimum number of moves required to move each student to a seat such that no two students are in the same seat. Note that there may be multiple seats or students in the same position at the beginning. ",Easy
"A sentence is a list of tokens separated by a single space with no leading or trailing spaces. Every token is either a positive number consisting of digits 0-9 with no leading zeros, or a word consisting of lowercase English letters. Given a string s representing a sentence, you need to check if all the numbers in s are strictly increasing from left to right (i.e., other than the last number, each number is strictly smaller than the number on its right in s). Return true if so, or false otherwise. ",Easy
"A sentence consists of lowercase letters ('a' to 'z'), digits ('0' to '9'), hyphens ('-'), punctuation marks ('!', '.', and ','), and spaces (' ') only. Each sentence can be broken down into one or more tokens separated by one or more spaces ' '. A token is a valid word if all three of the following are true: Examples of valid words include ""a-b."", ""afad"", ""ba-c"", ""a!"", and ""!"". Given a string sentence, return the number of valid words in sentence. ",Easy
"Given the root of a Binary Search Tree and a target number k, return true if there exist two elements in the BST such that their sum is equal to the given target. ",Easy
"There is a robot starting at the position (0, 0), the origin, on a 2D plane. Given a sequence of its moves, judge if this robot ends up at (0, 0) after it completes its moves. You are given a string moves that represents the move sequence of the robot where moves[i] represents its ith move. Valid moves are 'R' (right), 'L' (left), 'U' (up), and 'D' (down). Return true if the robot returns to the origin after it finishes all of its moves, or false otherwise. Note: The way that the robot is ""facing"" is irrelevant. 'R' will always make the robot move to the right once, 'L' will always make it move left, etc. Also, assume that the magnitude of the robot's movement is the same for each move. ",Easy
"An image smoother is a filter of the size 3 x 3 that can be applied to each cell of an image by rounding down the average of the cell and the eight surrounding cells (i.e., the average of the nine cells in the blue smoother). If one or more of the surrounding cells of a cell is not present, we do not consider it in the average (i.e., the average of the four cells in the red smoother). Given an m x n integer matrix img representing the grayscale of an image, return the image after applying the smoother on each cell of it. ",Easy
"Given a non-empty special binary tree consisting of nodes with the non-negative value, where each node in this tree has exactly two or zero sub-node. If the node has two sub-nodes, then this node's value is the smaller value among its two sub-nodes. More formally, the property root.val = min(root.left.val, root.right.val) always holds. Given such a binary tree, you need to output the second minimum value in the set made of all the nodes' value in the whole tree. If no such second minimum value exists, output -1 instead.  ",Easy
"Given an unsorted array of integers nums, return the length of the longest continuous increasing subsequence (i.e. subarray). The subsequence must be strictly increasing. A continuous increasing subsequence is defined by two indices l and r (l < r) such that it is [nums[l], nums[l + 1], ..., nums[r - 1], nums[r]] and for each l <= i < r, nums[i] < nums[i + 1]. ",Easy
"Given a string s, return true if the s can be palindrome after deleting at most one character from it. ",Easy
"You are keeping score for a baseball game with strange rules. The game consists of several rounds, where the scores of past rounds may affect future rounds' scores. At the beginning of the game, you start with an empty record. You are given a list of strings ops, where ops[i] is the ith operation you must apply to the record and is one of the following: Return the sum of all the scores on the record. The test cases are generated so that the answer fits in a 32-bit integer. ",Easy
"Given a positive integer, check whether it has alternating bits: namely, if two adjacent bits will always have different values. ",Easy
"Give a binary string s, return the number of non-empty substrings that have the same number of 0's and 1's, and all the 0's and all the 1's in these substrings are grouped consecutively. Substrings that occur multiple times are counted the number of times they occur. ",Easy
"Given a non-empty array of non-negative integers nums, the degree of this array is defined as the maximum frequency of any one of its elements. Your task is to find the smallest possible length of a (contiguous) subarray of nums, that has the same degree as nums. ",Easy
"You are given the root of a binary search tree (BST) and an integer val. Find the node in the BST that the node's value equals val and return the subtree rooted with that node. If such a node does not exist, return null. ",Easy
"Design a class to find the kth largest element in a stream. Note that it is the kth largest element in the sorted order, not the kth distinct element. Implement KthLargest class: ",Easy
"Given an array of integers nums which is sorted in ascending order, and an integer target, write a function to search target in nums. If target exists, then return its index. Otherwise, return -1. You must write an algorithm with O(log n) runtime complexity. ",Easy
Design a HashSet without using any built-in hash table libraries. Implement MyHashSet class: ,Easy
"You are given two non-increasing 0-indexed integer arrays nums1​​​​​​ and nums2​​​​​​. A pair of indices (i, j), where 0 <= i < nums1.length and 0 <= j < nums2.length, is valid if both i <= j and nums1[i] <= nums2[j]. The distance of the pair is j - i​​​​. Return the maximum distance of any valid pair (i, j). If there are no valid pairs, return 0. An array arr is non-increasing if arr[i-1] >= arr[i] for every 1 <= i < arr.length. ",Medium
"The min-product of an array is equal to the minimum value in the array multiplied by the array's sum. Given an array of integers nums, return the maximum min-product of any non-empty subarray of nums. Since the answer may be large, return it modulo 109 + 7. Note that the min-product should be maximized before performing the modulo operation. Testcases are generated such that the maximum min-product without modulo will fit in a 64-bit signed integer. A subarray is a contiguous part of an array. ",Medium
"You are given two integers memory1 and memory2 representing the available memory in bits on two memory sticks. There is currently a faulty program running that consumes an increasing amount of memory every second. At the ith second (starting from 1), i bits of memory are allocated to the stick with more available memory (or from the first memory stick if both have the same available memory). If neither stick has at least i bits of available memory, the program crashes. Return an array containing [crashTime, memory1crash, memory2crash], where crashTime is the time (in seconds) when the program crashed and memory1crash and memory2crash are the available bits of memory in the first and second sticks respectively. ",Medium
"You are given an m x n matrix of characters box representing a side-view of a box. Each cell of the box is one of the following: The box is rotated 90 degrees clockwise, causing some of the stones to fall due to gravity. Each stone falls down until it lands on an obstacle, another stone, or the bottom of the box. Gravity does not affect the obstacles' positions, and the inertia from the box's rotation does not affect the stones' horizontal positions. It is guaranteed that each stone in box rests on an obstacle, another stone, or the bottom of the box. Return an n x m matrix representing the box after the rotation described above. ",Medium
"Given a binary string s, return the minimum number of character swaps to make it alternating, or -1 if it is impossible. The string is called alternating if no two adjacent characters are equal. For example, the strings ""010"" and ""1010"" are alternating, while the string ""0100"" is not. Any two characters may be swapped, even if they are not adjacent. ",Medium
You are given two integer arrays nums1 and nums2. You are tasked to implement a data structure that supports queries of two types: Implement the FindSumPairs class: ,Medium
"You are given a floating-point number hour, representing the amount of time you have to reach the office. To commute to the office, you must take n trains in sequential order. You are also given an integer array dist of length n, where dist[i] describes the distance (in kilometers) of the ith train ride. Each train can only depart at an integer hour, so you may need to wait in between each train ride. Return the minimum positive integer speed (in kilometers per hour) that all the trains must travel at for you to reach the office on time, or -1 if it is impossible to be on time. Tests are generated such that the answer will not exceed 107 and hour will have at most two digits after the decimal point. ",Medium
"You are given a 0-indexed binary string s and two integers minJump and maxJump. In the beginning, you are standing at index 0, which is equal to '0'. You can move from index i to index j if the following conditions are fulfilled: Return true if you can reach index s.length - 1 in s, or false otherwise. ",Medium
"The pair sum of a pair (a,b) is equal to a + b. The maximum pair sum is the largest pair sum in a list of pairs. Given an array nums of even length n, pair up the elements of nums into n / 2 pairs such that: Return the minimized maximum pair sum after optimally pairing up the elements. ",Medium
"You are given an m x n integer matrix grid​​​. A rhombus sum is the sum of the elements that form the border of a regular rhombus shape in grid​​​. The rhombus must have the shape of a square rotated 45 degrees with each of the corners centered in a grid cell. Below is an image of four valid rhombus shapes with the corresponding colored cells that should be included in each rhombus sum: Note that the rhombus can have an area of 0, which is depicted by the purple rhombus in the bottom right corner. Return the biggest three distinct rhombus sums in the grid in descending order. If there are less than three distinct values, return all of them. ",Medium
"You are given a very large integer n, represented as a string,​​​​​​ and an integer digit x. The digits in n and the digit x are in the inclusive range [1, 9], and n may represent a negative number. You want to maximize n's numerical value by inserting x anywhere in the decimal representation of n​​​​​​. You cannot insert x to the left of the negative sign. Return a string representing the maximum value of n​​​​​​ after the insertion. ",Medium
"You are given two 0-indexed integer arrays servers and tasks of lengths n​​​​​​ and m​​​​​​ respectively. servers[i] is the weight of the i​​​​​​th​​​​ server, and tasks[j] is the time needed to process the j​​​​​​th​​​​ task in seconds. Tasks are assigned to the servers using a task queue. Initially, all servers are free, and the queue is empty. At second j, the jth task is inserted into the queue (starting with the 0th task being inserted at second 0). As long as there are free servers and the queue is not empty, the task in the front of the queue will be assigned to a free server with the smallest weight, and in case of a tie, it is assigned to a free server with the smallest index. If there are no free servers and the queue is not empty, we wait until a server becomes free and immediately assign the next task. If multiple servers become free at the same time, then multiple tasks from the queue will be assigned in order of insertion following the weight and index priorities above. A server that is assigned task j at second t will be free again at second t + tasks[j]. Build an array ans​​​​ of length m, where ans[j] is the index of the server the j​​​​​​th task will be assigned to. Return the array ans​​​​. ",Medium
"You are given two identical eggs and you have access to a building with n floors labeled from 1 to n. You know that there exists a floor f where 0 <= f <= n such that any egg dropped at a floor higher than f will break, and any egg dropped at or below floor f will not break. In each move, you may take an unbroken egg and drop it from any floor x (where 1 <= x <= n). If the egg breaks, you can no longer use it. However, if the egg does not break, you may reuse it in future moves. Return the minimum number of moves that you need to determine with certainty what the value of f is. ",Medium
"Given an integer array nums, your goal is to make all elements in nums equal. To complete one operation, follow these steps: Return the number of operations to make all elements in nums equal. ",Medium
You are given a binary string s. You are allowed to perform two types of operations on the string in any sequence: Return the minimum number of type-2 operations you need to perform such that s becomes alternating. The string is called alternating if no two adjacent characters are equal. ,Medium
"There are n students in a class numbered from 0 to n - 1. The teacher will give each student a problem starting with the student number 0, then the student number 1, and so on until the teacher reaches the student number n - 1. After that, the teacher will restart the process, starting with the student number 0 again. You are given a 0-indexed integer array chalk and an integer k. There are initially k pieces of chalk. When the student number i is given a problem to solve, they will use chalk[i] pieces of chalk to solve that problem. However, if the current number of chalk pieces is strictly less than chalk[i], then the student number i will be asked to replace the chalk. Return the index of the student that will replace the chalk. ",Medium
"A k x k magic square is a k x k grid filled with integers such that every row sum, every column sum, and both diagonal sums are all equal. The integers in the magic square do not have to be distinct. Every 1 x 1 grid is trivially a magic square. Given an m x n integer grid, return the size (i.e., the side length k) of the largest magic square that can be found within this grid. ",Medium
"You are given two strings s and p where p is a subsequence of s. You are also given a distinct 0-indexed integer array removable containing a subset of indices of s (s is also 0-indexed). You want to choose an integer k (0 <= k <= removable.length) such that, after removing k characters from s using the first k indices in removable, p is still a subsequence of s. More formally, you will mark the character at s[removable[i]] for each 0 <= i < k, then remove all marked characters and check if p is still a subsequence. Return the maximum k you can choose such that p is still a subsequence of s after the removals. A subsequence of a string is a new string generated from the original string with some characters (can be none) deleted without changing the relative order of the remaining characters. ",Medium
"A triplet is an array of three integers. You are given a 2D integer array triplets, where triplets[i] = [ai, bi, ci] describes the ith triplet. You are also given an integer array target = [x, y, z] that describes the triplet you want to obtain. To obtain target, you may apply the following operation on triplets any number of times (possibly zero): Return true if it is possible to obtain the target triplet [x, y, z] as an element of triplets, or false otherwise. ",Medium
"A peak element in a 2D grid is an element that is strictly greater than all of its adjacent neighbors to the left, right, top, and bottom. Given a 0-indexed m x n matrix mat where no two adjacent cells are equal, find any peak element mat[i][j] and return the length 2 array [i,j]. You may assume that the entire matrix is surrounded by an outer perimeter with the value -1 in each cell. You must write an algorithm that runs in O(m log(n)) or O(n log(m)) time. ",Medium
"You are participating in an online chess tournament. There is a chess round that starts every 15 minutes. The first round of the day starts at 00:00, and after every 15 minutes, a new round starts. You are given two strings loginTime and logoutTime where: If logoutTime is earlier than loginTime, this means you have played from loginTime to midnight and from midnight to logoutTime. Return the number of full chess rounds you have played in the tournament. Note: All the given times follow the 24-hour clock. That means the first round of the day starts at 00:00 and the last round of the day starts at 23:45. ",Medium
You are given two m x n binary matrices grid1 and grid2 containing only 0's (representing water) and 1's (representing land). An island is a group of 1's connected 4-directionally (horizontal or vertical). Any cells outside of the grid are considered water cells. An island in grid2 is considered a sub-island if there is an island in grid1 that contains all the cells that make up this island in grid2. Return the number of islands in grid2 that are considered sub-islands. ,Medium
"The minimum absolute difference of an array a is defined as the minimum value of |a[i] - a[j]|, where 0 <= i < j < a.length and a[i] != a[j]. If all elements of a are the same, the minimum absolute difference is -1. You are given an integer array nums and the array queries where queries[i] = [li, ri]. For each query i, compute the minimum absolute difference of the subarray nums[li...ri] containing the elements of nums between the 0-based indices li and ri (inclusive). Return an array ans where ans[i] is the answer to the ith query. A subarray is a contiguous sequence of elements in an array. The value of |x| is defined as: ",Medium
"Given two strings s and part, perform the following operation on s until all occurrences of the substring part are removed: Return s after removing all occurrences of part. A substring is a contiguous sequence of characters in a string. ",Medium
"The alternating sum of a 0-indexed array is defined as the sum of the elements at even indices minus the sum of the elements at odd indices. Given an array nums, return the maximum alternating sum of any subsequence of nums (after reindexing the elements of the subsequence). A subsequence of an array is a new array generated from the original array by deleting some elements (possibly none) without changing the remaining elements' relative order. For example, [2,7,4] is a subsequence of [4,2,3,7,2,1,4] (the underlined elements), while [2,4,2] is not. ",Medium
"You are given an m x n integer matrix grid​​​, where m and n are both even integers, and an integer k. The matrix is composed of several layers, which is shown in the below image, where each color is its own layer:  A cyclic rotation of the matrix is done by cyclically rotating each layer in the matrix. To cyclically rotate a layer once, each element in the layer will take the place of the adjacent element in the counter-clockwise direction. An example rotation is shown below: Return the matrix after applying k cyclic rotations to it. ",Medium
"A wonderful string is a string where at most one letter appears an odd number of times. Given a string word that consists of the first ten lowercase English letters ('a' through 'j'), return the number of wonderful non-empty substrings in word. If the same substring appears multiple times in word, then count each occurrence separately. A substring is a contiguous sequence of characters in a string. ",Medium
"You are playing a video game where you are defending your city from a group of n monsters. You are given a 0-indexed integer array dist of size n, where dist[i] is the initial distance in kilometers of the ith monster from the city. The monsters walk toward the city at a constant speed. The speed of each monster is given to you in an integer array speed of size n, where speed[i] is the speed of the ith monster in kilometers per minute. You have a weapon that, once fully charged, can eliminate a single monster. However, the weapon takes one minute to charge.The weapon is fully charged at the very start. You lose when any monster reaches your city. If a monster reaches the city at the exact moment the weapon is fully charged, it counts as a loss, and the game ends before you can use your weapon. Return the maximum number of monsters that you can eliminate before you lose, or n if you can eliminate all the monsters before they reach the city. ",Medium
"A digit string is good if the digits (0-indexed) at even indices are even and the digits at odd indices are prime (2, 3, 5, or 7). Given an integer n, return the total number of good digit strings of length n. Since the answer may be large, return it modulo 109 + 7. A digit string is a string consisting of digits 0 through 9 that may contain leading zeros. ",Medium
"You are given an m x n matrix maze (0-indexed) with empty cells (represented as '.') and walls (represented as '+'). You are also given the entrance of the maze, where entrance = [entrancerow, entrancecol] denotes the row and column of the cell you are initially standing at. In one step, you can move one cell up, down, left, or right. You cannot step into a cell with a wall, and you cannot step outside the maze. Your goal is to find the nearest exit from the entrance. An exit is defined as an empty cell that is at the border of the maze. The entrance does not count as an exit. Return the number of steps in the shortest path from the entrance to the nearest exit, or -1 if no such path exists. ",Medium
"Alice and Bob take turns playing a game, with Alice starting first. You are given a string num of even length consisting of digits and '?' characters. On each turn, a player will do the following if there is still at least one '?' in num: The game ends when there are no more '?' characters in num. For Bob to win, the sum of the digits in the first half of num must be equal to the sum of the digits in the second half. For Alice to win, the sums must not be equal. Assuming Alice and Bob play optimally, return true if Alice will win and false if Bob will win. ",Medium
"Given a string s, return the number of unique palindromes of length three that are a subsequence of s. Note that even if there are multiple ways to obtain the same subsequence, it is still only counted once. A palindrome is a string that reads the same forwards and backwards. A subsequence of a string is a new string generated from the original string with some characters (can be none) deleted without changing the relative order of the remaining characters. ",Medium
"You are given a strictly increasing integer array rungs that represents the height of rungs on a ladder. You are currently on the floor at height 0, and you want to reach the last rung. You are also given an integer dist. You can only climb to the next highest rung if the distance between where you are currently at (the floor or on a rung) and the next rung is at most dist. You are able to insert rungs at any positive integer height if a rung is not already there. Return the minimum number of rungs that must be added to the ladder in order for you to climb to the last rung. ",Medium
"You are given an m x n integer matrix points (0-indexed). Starting with 0 points, you want to maximize the number of points you can get from the matrix. To gain points, you must pick one cell in each row. Picking the cell at coordinates (r, c) will add points[r][c] to your score. However, you will lose points if you pick a cell too far from the cell that you picked in the previous row. For every two adjacent rows r and r + 1 (where 0 <= r < m - 1), picking cells at coordinates (r, c1) and (r + 1, c2) will subtract abs(c1 - c2) from your score. Return the maximum number of points you can achieve. abs(x) is defined as: ",Medium
"There is a party where n friends numbered from 0 to n - 1 are attending. There is an infinite number of chairs in this party that are numbered from 0 to infinity. When a friend arrives at the party, they sit on the unoccupied chair with the smallest number. When a friend leaves the party, their chair becomes unoccupied at the moment they leave. If another friend arrives at that same moment, they can sit in that chair. You are given a 0-indexed 2D integer array times where times[i] = [arrivali, leavingi], indicating the arrival and leaving times of the ith friend respectively, and an integer targetFriend. All arrival times are distinct. Return the chair number that the friend numbered targetFriend will sit on. ",Medium
"There is a long and thin painting that can be represented by a number line. The painting was painted with multiple overlapping segments where each segment was painted with a unique color. You are given a 2D integer array segments, where segments[i] = [starti, endi, colori] represents the half-closed segment [starti, endi) with colori as the color. The colors in the overlapping segments of the painting were mixed when it was painted. When two or more colors mix, they form a new color that can be represented as a set of mixed colors. For the sake of simplicity, you should only output the sum of the elements in the set rather than the full set. You want to describe the painting with the minimum number of non-overlapping half-closed segments of these mixed colors. These segments can be represented by the 2D array painting where painting[j] = [leftj, rightj, mixj] describes a half-closed segment [leftj, rightj) with the mixed color sum of mixj. Return the 2D array painting describing the finished painting (excluding any parts that are not painted). You may return the segments in any order. A half-closed segment [a, b) is the section of the number line between points a and b including point a and not including point b. ",Medium
"You are given a string num, which represents a large integer. You are also given a 0-indexed integer array change of length 10 that maps each digit 0-9 to another digit. More formally, digit d maps to digit change[d]. You may choose to mutate a single substring of num. To mutate a substring, replace each digit num[i] with the digit it maps to in change (i.e. replace num[i] with change[num[i]]). Return a string representing the largest possible integer after mutating (or choosing not to) a single substring of num. A substring is a contiguous sequence of characters within the string. ",Medium
"There is a survey that consists of n questions where each question's answer is either 0 (no) or 1 (yes). The survey was given to m students numbered from 0 to m - 1 and m mentors numbered from 0 to m - 1. The answers of the students are represented by a 2D integer array students where students[i] is an integer array that contains the answers of the ith student (0-indexed). The answers of the mentors are represented by a 2D integer array mentors where mentors[j] is an integer array that contains the answers of the jth mentor (0-indexed). Each student will be assigned to one mentor, and each mentor will have one student assigned to them. The compatibility score of a student-mentor pair is the number of answers that are the same for both the student and the mentor. You are tasked with finding the optimal student-mentor pairings to maximize the sum of the compatibility scores. Given students and mentors, return the maximum compatibility score sum that can be achieved. ",Medium
"There are n projects numbered from 0 to n - 1. You are given an integer array milestones where each milestones[i] denotes the number of milestones the ith project has. You can work on the projects following these two rules: Once all the milestones of all the projects are finished, or if the only milestones that you can work on will cause you to violate the above rules, you will stop working. Note that you may not be able to finish every project's milestones due to these constraints. Return the maximum number of weeks you would be able to work on the projects without violating the rules mentioned above. ",Medium
"In a garden represented as an infinite 2D grid, there is an apple tree planted at every integer coordinate. The apple tree planted at an integer coordinate (i, j) has |i| + |j| apples growing on it. You will buy an axis-aligned square plot of land that is centered at (0, 0). Given an integer neededApples, return the minimum perimeter of a plot such that at least neededApples apples are inside or on the perimeter of that plot. The value of |x| is defined as: ",Medium
"You are given a 0-indexed 8 x 8 grid board, where board[r][c] represents the cell (r, c) on a game board. On the board, free cells are represented by '.', white cells are represented by 'W', and black cells are represented by 'B'. Each move in this game consists of choosing a free cell and changing it to the color you are playing as (either white or black). However, a move is only legal if, after changing it, the cell becomes the endpoint of a good line (horizontal, vertical, or diagonal). A good line is a line of three or more cells (including the endpoints) where the endpoints of the line are one color, and the remaining cells in the middle are the opposite color (no cells in the line are free). You can find examples for good lines in the figure below: Given two integers rMove and cMove and a character color representing the color you are playing as (white or black), return true if changing cell (rMove, cMove) to color color is a legal move, or false if it is not legal. ",Medium
"You are currently designing a dynamic array. You are given a 0-indexed integer array nums, where nums[i] is the number of elements that will be in the array at time i. In addition, you are given an integer k, the maximum number of times you can resize the array (to any size). The size of the array at time t, sizet, must be at least nums[t] because there needs to be enough space in the array to hold all the elements. The space wasted at time t is defined as sizet - nums[t], and the total space wasted is the sum of the space wasted across every time t where 0 <= t < nums.length. Return the minimum total space wasted if you can resize the array at most k times. Note: The array can have any size at the start and does not count towards the number of resizing operations. ",Medium
"You are given a 0-indexed integer array piles, where piles[i] represents the number of stones in the ith pile, and an integer k. You should apply the following operation exactly k times: Notice that you can apply the operation on the same pile more than once. Return the minimum possible total number of stones remaining after applying the k operations. floor(x) is the greatest integer that is smaller than or equal to x (i.e., rounds x down). ",Medium
"You are given a 2D integer array intervals, where intervals[i] = [lefti, righti] describes the ith interval starting at lefti and ending at righti (inclusive). The size of an interval is defined as the number of integers it contains, or more formally righti - lefti + 1. You are also given an integer array queries. The answer to the jth query is the size of the smallest interval i such that lefti <= queries[j] <= righti. If no such interval exists, the answer is -1. Return an array containing the answers to the queries. ",Hard
"There is a directed graph of n colored nodes and m edges. The nodes are numbered from 0 to n - 1. You are given a string colors where colors[i] is a lowercase English letter representing the color of the ith node in this graph (0-indexed). You are also given a 2D array edges where edges[j] = [aj, bj] indicates that there is a directed edge from node aj to node bj. A valid path in the graph is a sequence of nodes x1 -> x2 -> x3 -> ... -> xk such that there is a directed edge from xi to xi+1 for every 1 <= i < k. The color value of the path is the number of nodes that are colored the most frequently occurring color along that path. Return the largest color value of any valid path in the given graph, or -1 if the graph contains a cycle. ",Hard
"Given an integer array nums, return the sum of floor(nums[i] / nums[j]) for all pairs of indices 0 <= i, j < nums.length in the array. Since the answer may be too large, return it modulo 109 + 7. The floor() function returns the integer part of the division. ",Hard
"There are n uniquely-sized sticks whose lengths are integers from 1 to n. You want to arrange the sticks such that exactly k sticks are visible from the left. A stick is visible from the left if there are no longer sticks to the left of it. Given n and k, return the number of such arrangements. Since the answer may be large, return it modulo 109 + 7. ",Hard
"Alice and Bob take turns playing a game, with Alice starting first. There are n stones arranged in a row. On each player's turn, while the number of stones is more than one, they will do the following: The game stops when only one stone is left in the row. The score difference between Alice and Bob is (Alice's score - Bob's score). Alice's goal is to maximize the score difference, and Bob's goal is the minimize the score difference. Given an integer array stones of length n where stones[i] represents the value of the ith stone from the left, return the score difference between Alice and Bob if they both play optimally. ",Hard
You are given two integer arrays nums1 and nums2 of length n. The XOR sum of the two integer arrays is (nums1[0] XOR nums2[0]) + (nums1[1] XOR nums2[1]) + ... + (nums1[n - 1] XOR nums2[n - 1]) (0-indexed). Rearrange the elements of nums2 such that the resulting XOR sum is minimized. Return the XOR sum after the rearrangement. ,Hard
"You are given an integer hoursBefore, the number of hours you have to travel to your meeting. To arrive at your meeting, you have to travel through n roads. The road lengths are given as an integer array dist of length n, where dist[i] describes the length of the ith road in kilometers. In addition, you are given an integer speed, which is the speed (in km/h) you will travel at. After you travel road i, you must rest and wait for the next integer hour before you can begin traveling on the next road. Note that you do not have to rest after traveling the last road because you are already at the meeting. However, you are allowed to skip some rests to be able to arrive on time, meaning you do not need to wait for the next integer hour. Note that this means you may finish traveling future roads at different hour marks. Return the minimum number of skips required to arrive at the meeting on time, or -1 if it is impossible. ",Hard
"You have n packages that you are trying to place in boxes, one package in each box. There are m suppliers that each produce boxes of different sizes (with infinite supply). A package can be placed in a box if the size of the package is less than or equal to the size of the box. The package sizes are given as an integer array packages, where packages[i] is the size of the ith package. The suppliers are given as a 2D integer array boxes, where boxes[j] is an array of box sizes that the jth supplier produces. You want to choose a single supplier and use boxes from them such that the total wasted space is minimized. For each package in a box, we define the space wasted to be size of the box - size of the package. The total wasted space is the sum of the space wasted in all the boxes. Return the minimum total wasted space by choosing the box supplier optimally, or -1 if it is impossible to fit all the packages inside boxes. Since the answer may be large, return it modulo 109 + 7. ",Hard
"You are given a valid boolean expression as a string expression consisting of the characters '1','0','&' (bitwise AND operator),'|' (bitwise OR operator),'(', and ')'. Return the minimum cost to change the final value of the expression. The cost of changing the final value of an expression is the number of operations performed on the expression. The types of operations are described as follows: Note: '&' does not take precedence over '|' in the order of calculation. Evaluate parentheses first, then in left-to-right order. ",Hard
"There is a tournament where n players are participating. The players are standing in a single row and are numbered from 1 to n based on their initial standing position (player 1 is the first player in the row, player 2 is the second player in the row, etc.). The tournament consists of multiple rounds (starting from round number 1). In each round, the ith player from the front of the row competes against the ith player from the end of the row, and the winner advances to the next round. When the number of players is odd for the current round, the player in the middle automatically advances to the next round. After each round is over, the winners are lined back up in the row based on the original ordering assigned to them initially (ascending order). The players numbered firstPlayer and secondPlayer are the best in the tournament. They can win against any other player before they compete against each other. If any two other players compete against each other, either of them might win, and thus you may choose the outcome of this round. Given the integers n, firstPlayer, and secondPlayer, return an integer array containing two values, the earliest possible round number and the latest possible round number in which these two players will compete against each other, respectively. ",Hard
"You have a movie renting company consisting of n shops. You want to implement a renting system that supports searching for, booking, and returning movies. The system should also support generating a report of the currently rented movies. Each movie is given as a 2D integer array entries where entries[i] = [shopi, moviei, pricei] indicates that there is a copy of movie moviei at shop shopi with a rental price of pricei. Each shop carries at most one copy of a movie moviei. The system should support the following functions: Implement the MovieRentingSystem class: Note: The test cases will be generated such that rent will only be called if the shop has an unrented copy of the movie, and drop will only be called if the shop had previously rented out the movie. ",Hard
"You are an ant tasked with adding n new rooms numbered 0 to n-1 to your colony. You are given the expansion plan as a 0-indexed integer array of length n, prevRoom, where prevRoom[i] indicates that you must build room prevRoom[i] before building room i, and these two rooms must be connected directly. Room 0 is already built, so prevRoom[0] = -1. The expansion plan is given such that once all the rooms are built, every room will be reachable from room 0. You can only build one room at a time, and you can travel freely between rooms you have already built only if they are connected. You can choose to build any room as long as its previous room is already built. Return the number of different orders you can build all the rooms in. Since the answer may be large, return it modulo 109 + 7. ",Hard
"There is a country of n cities numbered from 0 to n - 1. In this country, there is a road connecting every pair of cities. There are m friends numbered from 0 to m - 1 who are traveling through the country. Each one of them will take a path consisting of some cities. Each path is represented by an integer array that contains the visited cities in order. The path may contain a city more than once, but the same city will not be listed consecutively. Given an integer n and a 2D integer array paths where paths[i] is an integer array representing the path of the ith friend, return the length of the longest common subpath that is shared by every friend's path, or 0 if there is no common subpath at all. A subpath of a path is a contiguous sequence of cities within that path. ",Hard
"There is a country of n cities numbered from 0 to n - 1 where all the cities are connected by bi-directional roads. The roads are represented as a 2D integer array edges where edges[i] = [xi, yi, timei] denotes a road between cities xi and yi that takes timei minutes to travel. There may be multiple roads of differing travel times connecting the same two cities, but no road connects a city to itself. Each time you pass through a city, you must pay a passing fee. This is represented as a 0-indexed integer array passingFees of length n where passingFees[j] is the amount of dollars you must pay when you pass through city j. In the beginning, you are at city 0 and want to reach city n - 1 in maxTime minutes or less. The cost of your journey is the summation of passing fees for each city that you passed through at some moment of your journey (including the source and destination cities). Given maxTime, edges, and passingFees, return the minimum cost to complete your journey, or -1 if you cannot complete it within maxTime minutes. ",Hard
"You are given two integers m and n. Consider an m x n grid where each cell is initially white. You can paint each cell red, green, or blue. All cells must be painted. Return the number of ways to color the grid with no two adjacent cells having the same color. Since the answer can be very large, return it modulo 109 + 7. ",Hard
"You are given n BST (binary search tree) root nodes for n separate BSTs stored in an array trees (0-indexed). Each BST in trees has at most 3 nodes, and no two roots have the same value. In one operation, you can: Return the root of the resulting BST if it is possible to form a valid BST after performing n - 1 operations, or null if it is impossible to create a valid BST. A BST (binary search tree) is a binary tree where each node satisfies the following property: A leaf is a node that has no children. ",Hard
"There is a rooted tree consisting of n nodes numbered 0 to n - 1. Each node's number denotes its unique genetic value (i.e. the genetic value of node x is x). The genetic difference between two genetic values is defined as the bitwise-XOR of their values. You are given the integer array parents, where parents[i] is the parent for node i. If node x is the root of the tree, then parents[x] == -1. You are also given the array queries where queries[i] = [nodei, vali]. For each query i, find the maximum genetic difference between vali and pi, where pi is the genetic value of any node that is on the path between nodei and the root (including nodei and the root). More formally, you want to maximize vali XOR pi. Return an array ans where ans[i] is the answer to the ith query. ",Hard
"There are n people standing in a queue, and they numbered from 0 to n - 1 in left to right order. You are given an array heights of distinct integers where heights[i] represents the height of the ith person. A person can see another person to their right in the queue if everybody in between is shorter than both of them. More formally, the ith person can see the jth person if i < j and min(heights[i], heights[j]) > max(heights[i+1], heights[i+2], ..., heights[j-1]). Return an array answer of length n where answer[i] is the number of people the ith person can see to their right in the queue. ",Hard
"Due to a bug, there are many duplicate folders in a file system. You are given a 2D array paths, where paths[i] is an array representing an absolute path to the ith folder in the file system. Two folders (not necessarily on the same level) are identical if they contain the same non-empty set of identical subfolders and underlying subfolder structure. The folders do not need to be at the root level to be identical. If two or more folders are identical, then mark the folders as well as all their subfolders. Once all the identical folders and their subfolders have been marked, the file system will delete all of them. The file system only runs the deletion once, so any folders that become identical after the initial deletion are not deleted. Return the 2D array ans containing the paths of the remaining folders after deleting all the marked folders. The paths may be returned in any order. ",Hard
"A sequence is special if it consists of a positive number of 0s, followed by a positive number of 1s, then a positive number of 2s. Given an array nums (consisting of only integers 0, 1, and 2), return the number of different subsequences that are special. Since the answer may be very large, return it modulo 109 + 7. A subsequence of an array is a sequence that can be derived from the array by deleting some or no elements without changing the order of the remaining elements. Two subsequences are different if the set of indices chosen are different. ",Hard
"You are given a 0-indexed string s and are tasked with finding two non-intersecting palindromic substrings of odd length such that the product of their lengths is maximized. More formally, you want to choose four integers i, j, k, l such that 0 <= i <= j < k <= l < s.length and both the substrings s[i...j] and s[k...l] are palindromes and have odd lengths. s[i...j] denotes a substring from index i to index j inclusive. Return the maximum possible product of the lengths of the two non-intersecting palindromic substrings. A palindrome is a string that is the same forward and backward. A substring is a contiguous sequence of characters in a string. ",Hard
"You want to build some obstacle courses. You are given a 0-indexed integer array obstacles of length n, where obstacles[i] describes the height of the ith obstacle. For every index i between 0 and n - 1 (inclusive), find the length of the longest obstacle course in obstacles such that: Return an array ans of length n, where ans[i] is the length of the longest obstacle course for index i as described above. ",Hard
"There is a 1-based binary matrix where 0 represents land and 1 represents water. You are given integers row and col representing the number of rows and columns in the matrix, respectively. Initially on day 0, the entire matrix is land. However, each day a new cell becomes flooded with water. You are given a 1-based 2D array cells, where cells[i] = [ri, ci] represents that on the ith day, the cell on the rith row and cith column (1-based coordinates) will be covered with water (i.e., changed to 1). You want to find the last day that it is possible to walk from the top to the bottom by only walking on land cells. You can start from any cell in the top row and end at any cell in the bottom row. You can only travel in the four cardinal directions (left, right, up, and down). Return the last day where it is possible to walk from the top to the bottom by only walking on land cells. ",Hard
"You wrote down many positive integers in a string called num. However, you realized that you forgot to add commas to seperate the different numbers. You remember that the list of integers was non-decreasing and that no integer had leading zeros. Return the number of possible lists of integers that you could have written down to get the string num. Since the answer may be large, return it modulo 109 + 7. ",Hard
"You are given an integer n representing the length of an unknown array that you are trying to recover. You are also given an array sums containing the values of all 2n subset sums of the unknown array (in no particular order). Return the array ans of length n representing the unknown array. If multiple answers exist, return any of them. An array sub is a subset of an array arr if sub can be obtained from arr by deleting some (possibly zero or all) elements of arr. The sum of the elements in sub is one possible subset sum of arr. The sum of an empty array is considered to be 0. Note: Test cases are generated such that there will always be at least one correct answer. ",Hard
"You are given a binary string binary. A subsequence of binary is considered good if it is not empty and has no leading zeros (with the exception of ""0""). Find the number of unique good subsequences of binary. Return the number of unique good subsequences of binary. Since the answer may be very large, return it modulo 109 + 7. A subsequence is a sequence that can be derived from another sequence by deleting some or no elements without changing the order of the remaining elements. ",Hard
You are given an integer array nums. We call a subset of nums good if its product can be represented as a product of one or more distinct prime numbers. Return the number of different good subsets in nums modulo 109 + 7. A subset of nums is any array that can be obtained by deleting some (possibly none or all) elements from nums. Two subsets are different if and only if the chosen indices to delete are different. ,Hard
"You are given an integer array nums, and you can perform the following operation any number of times on nums: Return true if it is possible to sort nums in non-decreasing order using the above swap method, or false otherwise. ",Hard
"There is a family tree rooted at 0 consisting of n nodes numbered 0 to n - 1. You are given a 0-indexed integer array parents, where parents[i] is the parent for node i. Since node 0 is the root, parents[0] == -1. There are 105 genetic values, each represented by an integer in the inclusive range [1, 105]. You are given a 0-indexed integer array nums, where nums[i] is a distinct genetic value for node i. Return an array ans of length n where ans[i] is the smallest genetic value that is missing from the subtree rooted at node i. The subtree rooted at a node x contains node x and all of its descendant nodes. ",Hard
"You are given an integer array nums. In one operation, you can replace any element in nums with any integer. nums is considered continuous if both of the following conditions are fulfilled: For example, nums = [4, 2, 5, 3] is continuous, but nums = [1, 2, 3, 5, 6] is not continuous. Return the minimum number of operations to make nums continuous. ",Hard
"You are given a string s of length n, and an integer k. You are tasked to find the longest subsequence repeated k times in string s. A subsequence is a string that can be derived from another string by deleting some or no characters without changing the order of the remaining characters. A subsequence seq is repeated k times in the string s if seq * k is a subsequence of s, where seq * k represents a string constructed by concatenating seq k times. Return the longest subsequence repeated k times in string s. If multiple such subsequences are found, return the lexicographically largest one. If there is no such subsequence, return an empty string. ",Hard
"You are given a string s that contains digits 0-9, addition symbols '+', and multiplication symbols '*' only, representing a valid math expression of single digit numbers (e.g., 3+5*2). This expression was given to n elementary school students. The students were instructed to get the answer of the expression by following this order of operations: You are given an integer array answers of length n, which are the submitted answers of the students in no particular order. You are asked to grade the answers, by following these rules: Return the sum of the points of the students. ",Hard
"You are given a 0-indexed integer array nums of length n. The number of ways to partition nums is the number of pivot indices that satisfy both conditions: You are also given an integer k. You can choose to change the value of one element of nums to k, or to leave the array unchanged. Return the maximum possible number of ways to partition nums to satisfy both conditions after changing at most one element. ",Hard
"You are given a string s, an integer k, a letter letter, and an integer repetition. Return the lexicographically smallest subsequence of s of length k that has the letter letter appear at least repetition times. The test cases are generated so that the letter appears in s at least repetition times. A subsequence is a string that can be derived from another string by deleting some or no characters without changing the order of the remaining characters. A string a is lexicographically smaller than a string b if in the first position where a and b differ, string a has a letter that appears earlier in the alphabet than the corresponding letter in b. ",Hard
"You are given an integer array nums of 2 * n integers. You need to partition nums into two arrays of length n to minimize the absolute difference of the sums of the arrays. To partition nums, put each element of nums into one of the two arrays. Return the minimum possible absolute difference. ",Hard
"A city is represented as a bi-directional connected graph with n vertices where each vertex is labeled from 1 to n (inclusive). The edges in the graph are represented as a 2D integer array edges, where each edges[i] = [ui, vi] denotes a bi-directional edge between vertex ui and vertex vi. Every vertex pair is connected by at most one edge, and no vertex has an edge to itself. The time taken to traverse any edge is time minutes. Each vertex has a traffic signal which changes its color from green to red and vice versa every change minutes. All signals change at the same time. You can enter a vertex at any time, but can leave a vertex only when the signal is green. You cannot wait at a vertex if the signal is green. The second minimum value is defined as the smallest value strictly larger than the minimum value. Given n, edges, time, and change, return the second minimum time it will take to go from vertex 1 to vertex n. Notes: ",Hard
"You are given an integer n, which indicates that there are n courses labeled from 1 to n. You are also given a 2D integer array relations where relations[j] = [prevCoursej, nextCoursej] denotes that course prevCoursej has to be completed before course nextCoursej (prerequisite relationship). Furthermore, you are given a 0-indexed integer array time where time[i] denotes how many months it takes to complete the (i+1)th course. You must find the minimum number of months needed to complete all the courses following these rules: Return the minimum number of months needed to complete all the courses. Note: The test cases are generated such that it is possible to complete every course (i.e., the graph is a directed acyclic graph). ",Hard
"There is a strange printer with the following two special properties: Given a string s, return the minimum number of turns the printer needed to print it. ",Hard
"Nearly everyone has used the Multiplication Table. The multiplication table of size m x n is an integer matrix mat where mat[i][j] == i * j (1-indexed). Given three integers m, n, and k, return the kth smallest element in the m x n multiplication table. ",Hard
"You are asked to cut off all the trees in a forest for a golf event. The forest is represented as an m x n matrix. In this matrix: In one step, you can walk in any of the four directions: north, east, south, and west. If you are standing in a cell with a tree, you can choose whether to cut it off. You must cut off the trees in order from shortest to tallest. When you cut off a tree, the value at its cell becomes 1 (an empty cell). Starting from the point (0, 0), return the minimum steps you need to walk to cut off all the trees. If you cannot cut off all the trees, return -1. You are guaranteed that no two trees have the same height, and there is at least one tree needs to be cut off. ",Hard
"You are given an integer array cards of length 4. You have four cards, each containing a number in the range [1, 9]. You should arrange the numbers on these cards in a mathematical expression using the operators ['+', '-', '*', '/'] and the parentheses '(' and ')' to get the value 24. You are restricted with the following rules: Return true if you can get such expression that evaluates to 24, and false otherwise. ",Hard
"In this problem, a rooted tree is a directed graph such that, there is exactly one node (the root) for which all other nodes are descendants of this node, plus every node has exactly one parent, except for the root node which has no parents. The given input is a directed graph that started as a rooted tree with n nodes (with distinct values from 1 to n), with one additional directed edge added. The added edge has two different vertices chosen from 1 to n, and was not an edge that already existed. The resulting graph is given as a 2D-array of edges. Each element of edges is a pair [ui, vi] that represents a directed edge connecting nodes ui and vi, where ui is a parent of child vi. Return an edge that can be removed so that the resulting graph is a rooted tree of n nodes. If there are multiple answers, return the answer that occurs last in the given 2D-array. ",Hard
"Given an integer array nums and an integer k, find three non-overlapping subarrays of length k with maximum sum and return them. Return the result as a list of indices representing the starting position of each interval (0-indexed). If there are multiple answers, return the lexicographically smallest one. ",Hard
"We are given n different types of stickers. Each sticker has a lowercase English word on it. You would like to spell out the given string target by cutting individual letters from your collection of stickers and rearranging them. You can use each sticker more than once if you want, and you have infinite quantities of each sticker. Return the minimum number of stickers that you need to spell out target. If the task is impossible, return -1. Note: In all test cases, all words were chosen randomly from the 1000 most common US English words, and target was chosen as a concatenation of two random words. ",Hard
"There are several squares being dropped onto the X-axis of a 2D plane. You are given a 2D integer array positions where positions[i] = [lefti, sideLengthi] represents the ith square with a side length of sideLengthi that is dropped with its left edge aligned with X-coordinate lefti. Each square is dropped one at a time from a height above any landed squares. It then falls downward (negative Y direction) until it either lands on the top side of another square or on the X-axis. A square brushing the left/right side of another square does not count as landing on it. Once it lands, it freezes in place and cannot be moved. After each square is dropped, you must record the height of the current tallest stack of squares. Return an integer array ans where ans[i] represents the height described above after dropping the ith square. ",Hard
"You are given an integer n and an array of unique integers blacklist. Design an algorithm to pick a random integer in the range [0, n - 1] that is not in blacklist. Any integer that is in the mentioned range and not in blacklist should be equally likely to be returned. Optimize your algorithm such that it minimizes the number of calls to the built-in random function of your language. Implement the Solution class: ",Hard
